Reason_1,Reason_2,Reason_3,Reason_4,Month Value,Transportation Expense,Age,Body Mass Index,Education,Children,Pet,Probability,Prediction
0,0,0,1,7,289,33,30,0,2,1,0.5949106170156699,1
0,0,0,0,7,118,50,31,0,1,0,0.07441392142215732,0
0,0,0,1,7,179,38,31,0,0,0,0.24403963636453704,0
1,0,0,0,7,279,39,24,0,2,0,0.8717479819062697,1
0,0,0,1,7,289,33,30,0,2,1,0.5949106170156699,1
0,0,0,1,7,179,38,31,0,0,0,0.24403963636453704,0
0,0,0,1,7,361,28,27,0,1,4,0.49273282566361176,0
0,0,0,1,7,260,36,23,0,4,0,0.6064112550143049,1
0,0,1,0,7,155,34,25,0,2,0,0.7810279887768267,1
0,0,0,1,7,235,37,29,1,1,1,0.29640101335988095,0
1,0,0,0,7,260,36,23,0,4,0,0.916422593657451,1
1,0,0,0,7,260,36,23,0,4,0,0.916422593657451,1
1,0,0,0,7,260,36,23,0,4,0,0.916422593657451,1
1,0,0,0,7,179,38,31,0,0,0,0.6967341842615273,1
0,0,0,1,7,179,38,31,0,0,0,0.24403963636453704,0
1,0,0,0,7,246,41,23,0,0,0,0.6983545001231295,1
0,0,0,1,7,179,38,31,0,0,0,0.24403963636453704,0
0,0,1,0,7,179,38,31,0,0,0,0.7599462261671218,1
1,0,0,0,7,189,33,25,0,2,2,0.696325004087886,1
0,0,0,1,8,248,47,32,0,2,1,0.43870680160231385,0
1,0,0,0,8,330,28,25,1,0,0,0.868024210584532,1
1,0,0,0,8,179,38,31,0,0,0,0.6972281948027285,1
1,0,0,0,8,361,28,27,0,1,4,0.8738812853642679,1
0,0,0,1,8,260,36,23,0,4,0,0.6069694003295922,1
0,0,1,0,8,289,33,30,0,2,1,0.9352139801414704,1
0,0,0,1,8,361,28,27,0,1,4,0.49331748256713026,0
0,0,0,1,8,289,33,30,0,2,1,0.5954741918868335,1
0,0,0,1,8,157,29,22,0,0,0,0.1543903839931079,0
0,0,1,0,8,289,33,30,0,2,1,0.9352139801414704,1
0,0,0,1,8,179,38,31,0,0,0,0.24447141876258296,0
0,0,1,0,8,179,38,31,0,0,0,0.7603726808212791,1
0,0,1,0,8,235,48,33,0,1,5,0.666951335507552,1
0,0,0,1,8,235,37,29,1,1,1,0.2968890553720453,0
0,0,1,0,8,235,48,33,0,1,5,0.666951335507552,1
0,0,0,1,8,179,38,31,0,0,0,0.24447141876258296,0
0,0,0,1,8,361,28,27,0,1,4,0.49331748256713026,0
0,0,0,1,8,289,33,30,0,2,1,0.5954741918868335,1
1,0,0,0,8,291,32,23,0,0,0,0.8193290221734876,1
0,0,0,1,8,235,48,33,0,1,5,0.16957890999533437,0
0,0,0,1,8,260,36,23,0,4,0,0.6069694003295922,1
0,0,0,1,9,184,27,21,0,0,0,0.18895719380294929,0
0,0,0,1,9,118,37,28,0,0,0,0.13267534570217934,0
0,0,0,1,9,179,38,31,0,0,0,0.24490371762398605,0
0,0,1,0,9,235,43,38,0,1,0,0.912554016902777,1
0,0,0,1,9,155,34,25,0,2,0,0.267626598389952,0
0,0,0,1,9,118,37,28,0,0,0,0.13267534570217934,0
0,0,0,1,9,179,38,31,0,0,0,0.24490371762398605,0
0,0,0,1,9,291,40,25,0,1,1,0.3908240900899808,0
0,0,0,1,9,260,36,23,0,4,0,0.6075272664074487,1
1,0,0,0,9,291,40,25,0,1,1,0.8203326791012606,1
0,0,0,0,9,260,36,23,0,4,0,0.4080266293137426,0
0,0,0,0,9,225,28,24,0,1,2,0.13581453069163288,0
0,0,0,1,9,225,28,24,0,1,2,0.2608726268169465,0
0,0,0,1,9,118,37,28,0,0,0,0.13267534570217934,0
0,0,0,0,9,289,33,30,0,2,1,0.3964981795460014,0
0,0,0,0,9,118,50,31,0,1,0,0.07473677929079245,0
0,0,1,0,9,225,28,24,0,1,2,0.7758432664081208,1
0,0,0,1,9,179,38,31,0,0,0,0.24490371762398605,0
0,0,0,0,9,369,31,25,0,3,0,0.6471074360895908,1
0,0,0,1,9,248,47,32,0,2,1,0.43928286709452996,0
0,0,0,1,9,179,38,31,0,0,0,0.24490371762398605,0
0,0,0,1,9,260,36,23,0,4,0,0.6075272664074487,1
0,0,0,1,10,179,38,31,0,0,0,0.24533653269118702,0
0,0,0,1,10,118,37,28,0,0,0,0.13294474140946538,0
0,0,0,0,10,118,50,31,0,1,0,0.07489869065825623,0
0,0,0,1,10,179,30,19,1,0,0,0.12347807982401014,0
0,0,0,1,10,179,38,31,0,0,0,0.24533653269118702,0
0,0,0,1,10,225,28,24,0,1,2,0.2613238965723013,0
0,0,0,1,10,118,37,28,0,0,0,0.13294474140946538,0
0,0,0,1,10,225,28,24,0,1,2,0.2613238965723013,0
0,0,0,1,10,248,47,32,0,2,1,0.43985909623834024,0
0,0,0,1,10,291,40,25,0,1,1,0.39138112243110246,0
0,0,0,1,10,179,38,31,0,0,0,0.24533653269118702,0
0,0,0,1,10,225,28,24,0,1,2,0.2613238965723013,0
0,0,1,0,10,260,36,23,0,4,0,0.9383304613627919,1
1,0,0,0,10,291,40,25,0,1,1,0.820677171196142,1
0,0,0,1,10,225,28,24,0,1,2,0.2613238965723013,0
0,0,0,1,10,289,33,30,0,2,1,0.5966005852743946,1
0,0,0,1,10,361,28,27,0,1,4,0.49448684960881883,0
0,0,0,1,10,260,36,23,0,4,0,0.6080848519323928,1
0,0,0,1,11,179,38,31,0,0,0,0.2457698637031834,0
0,0,0,1,11,225,28,24,0,1,2,0.2617756704815588,0
1,0,0,0,11,179,38,31,0,0,0,0.6987074899779016,1
0,0,1,0,11,179,40,22,1,2,0,0.7108427906895225,1
0,0,0,1,11,291,40,25,0,1,1,0.3919384378928541,0
1,0,0,0,11,155,34,25,0,2,0,0.7232084797232354,1
0,0,0,1,11,189,33,25,0,2,2,0.24541120827543753,0
1,0,0,0,11,291,40,25,0,1,1,0.8210211468780946,1
0,0,0,1,11,225,28,24,0,1,2,0.2617756704815588,0
1,0,0,0,11,155,34,25,0,2,0,0.7232084797232354,1
0,0,0,1,11,225,28,24,0,1,2,0.2617756704815588,0
0,0,1,0,11,179,40,22,1,2,0,0.7108427906895225,1
1,0,0,0,11,225,28,24,0,1,2,0.7162006163619485,1
0,0,0,1,11,260,36,23,0,4,0,0.6086421555918002,1
0,0,0,1,11,248,47,32,0,2,1,0.4404354875264589,0
0,0,0,1,11,225,28,24,0,1,2,0.2617756704815588,0
1,0,0,0,11,289,33,30,0,2,1,0.9134188424040387,1
0,0,0,1,11,291,40,25,0,1,1,0.3919384378928541,0
0,0,0,1,12,248,47,32,0,2,1,0.44101203944986406,0
0,0,1,0,12,118,37,28,0,0,0,0.601699649397379,1
0,0,0,1,12,118,50,31,0,1,0,0.15446141523090579,0
0,0,0,1,12,235,37,29,1,1,1,0.29884585615016734,0
0,0,0,1,12,225,28,24,0,1,2,0.2622279481520768,0
0,0,0,1,12,260,36,23,0,4,0,0.6091991760759148,1
0,0,1,0,12,118,37,28,0,0,0,0.601699649397379,1
0,0,0,1,12,361,28,27,0,1,4,0.49565627697125747,0
0,0,0,1,12,225,28,24,0,1,2,0.2622279481520768,0
0,0,0,1,12,260,36,23,0,4,0,0.6091991760759148,1
0,0,0,1,12,225,28,24,0,1,2,0.2622279481520768,0
0,0,0,1,12,361,28,27,0,1,4,0.49565627697125747,0
0,0,0,1,12,118,37,28,0,0,0,0.1334849222452229,0
0,0,1,0,12,246,41,23,0,0,0,0.7634630392956548,1
0,0,0,1,12,225,28,24,0,1,2,0.2622279481520768,0
0,0,0,1,1,225,28,24,0,1,2,0.257280664235412,0
0,0,1,0,1,118,37,28,0,0,0,0.5955174548050656,1
0,0,0,1,1,118,37,28,0,0,0,0.13053679279549488,0
0,0,1,0,1,155,34,25,0,2,0,0.7786182985139962,1
0,0,0,1,1,225,28,24,0,1,2,0.257280664235412,0
0,0,0,1,1,184,27,21,0,0,0,0.18610611132978203,0
0,0,0,1,1,225,28,24,0,1,2,0.257280664235412,0
0,0,0,1,1,225,28,24,0,1,2,0.257280664235412,0
0,0,0,1,1,118,37,28,0,0,0,0.13053679279549488,0
0,0,0,1,1,225,28,24,0,1,2,0.257280664235412,0
0,0,0,1,1,118,37,28,0,0,0,0.13053679279549488,0
0,0,0,1,1,118,37,28,0,0,0,0.13053679279549488,0
0,0,0,1,1,118,37,28,0,0,0,0.13053679279549488,0
0,0,0,1,1,118,37,28,0,0,0,0.13053679279549488,0
0,0,0,1,1,118,37,28,0,0,0,0.13053679279549488,0
0,0,0,1,1,118,37,28,0,0,0,0.13053679279549488,0
0,0,1,0,1,179,30,19,1,0,0,0.5749541365817032,1
0,0,1,0,1,289,33,30,0,2,1,0.9342148269794561,1
0,0,0,1,1,118,37,28,0,0,0,0.13053679279549488,0
0,0,0,1,1,184,27,21,0,0,0,0.18610611132978203,0
0,0,0,1,1,118,37,28,0,0,0,0.13053679279549488,0
0,0,0,1,1,118,37,28,0,0,0,0.13053679279549488,0
0,0,0,1,1,225,28,24,0,1,2,0.257280664235412,0
0,0,0,1,1,289,33,30,0,2,1,0.591523960035842,1
0,0,0,1,2,184,27,21,0,0,0,0.1864606738721056,0
1,0,0,0,2,246,41,23,0,0,0,0.6958850961939101,1
1,0,0,0,2,179,38,31,0,0,0,0.6942573230187306,1
0,0,0,1,2,155,34,25,0,2,0,0.26442956926763994,0
0,0,0,1,2,189,33,25,0,2,2,0.24153367494651634,0
0,0,0,1,2,260,36,23,0,4,0,0.6036163861168277,1
0,0,0,1,2,289,33,30,0,2,1,0.5920890159272841,1
1,0,0,0,2,388,50,24,0,0,0,0.879688388814135,1
1,0,0,0,2,388,50,24,0,0,0,0.879688388814135,1
0,0,0,1,2,225,28,24,0,1,2,0.2577278870592423,0
0,0,0,1,2,225,28,24,0,1,2,0.2577278870592423,0
0,0,0,1,2,179,30,19,1,0,0,0.12146701299637355,0
0,0,0,1,2,184,27,21,0,0,0,0.1864606738721056,0
0,0,0,1,2,225,28,24,0,1,2,0.2577278870592423,0
0,0,1,0,2,330,28,25,1,0,0,0.8993621236924226,1
0,0,0,1,2,330,28,25,1,0,0,0.47679519655036007,0
0,0,0,1,2,225,28,24,0,1,2,0.2577278870592423,0
0,0,1,0,2,189,33,25,0,2,2,0.7574507088955224,1
0,0,0,1,3,291,32,23,0,0,0,0.38643090374890904,0
0,0,1,0,3,260,36,23,0,4,0,0.9373761532587085,1
0,0,1,0,3,157,29,22,0,0,0,0.6389417855563065,1
0,1,0,0,3,179,40,22,1,2,0,0.21761050007589314,0
0,0,0,1,3,291,40,25,0,1,1,0.387487914565445,0
1,0,0,0,3,260,36,23,0,4,0,0.915703173622306,1
1,0,0,0,3,179,30,19,1,0,0,0.49654528262484493,0
1,0,0,0,3,248,47,32,0,2,1,0.8461013715683501,1
1,0,0,0,3,260,36,23,0,4,0,0.915703173622306,1
1,0,0,0,3,179,40,22,1,2,0,0.6364936464027312,1
1,0,0,0,3,155,34,25,0,2,0,0.7194470152410889,1
0,0,0,1,3,260,36,23,0,4,0,0.6041759077878407,1
1,0,0,0,3,155,34,25,0,2,0,0.7194470152410889,1
1,0,0,0,3,289,33,30,0,2,1,0.9119274598773576,1
1,0,0,0,3,179,40,22,1,2,0,0.6364936464027312,1
0,0,0,1,3,260,36,23,0,4,0,0.6041759077878407,1
0,0,0,1,3,225,28,24,0,1,2,0.2581756170477615,0
1,0,0,0,3,279,39,24,0,2,0,0.8706982683453107,1
1,0,0,0,3,179,38,31,0,0,0,0.6947536006330693,1
0,0,0,1,3,225,28,24,0,1,2,0.2581756170477615,0
1,0,0,0,3,225,28,24,0,1,2,0.7123817924966322,1
1,0,0,0,3,179,30,19,1,0,0,0.49654528262484493,0
1,0,0,0,3,225,28,24,0,1,2,0.7123817924966322,1
1,0,0,0,3,225,28,24,0,1,2,0.7123817924966322,1
1,0,0,0,3,179,38,31,0,0,0,0.6947536006330693,1
1,0,0,0,3,279,39,24,0,2,0,0.8706982683453107,1
0,0,0,1,3,225,28,24,0,1,2,0.2581756170477615,0
1,0,0,0,3,248,47,32,0,2,1,0.8461013715683501,1
0,0,0,1,3,225,28,24,0,1,2,0.2581756170477615,0
0,0,0,1,4,291,40,25,0,1,1,0.3880432208373636,0
0,0,0,1,4,225,28,24,0,1,2,0.2586238538372525,0
0,0,0,1,4,155,34,25,0,2,0,0.26534050554527744,0
1,0,0,0,4,246,41,23,0,0,0,0.696874223720849,1
0,0,0,1,4,155,34,25,0,2,0,0.26534050554527744,0
0,0,0,1,4,225,28,24,0,1,2,0.2586238538372525,0
0,0,0,1,4,260,36,23,0,4,0,0.6047351568412909,1
1,0,0,0,4,179,38,31,0,0,0,0.695249426300077,1
0,0,0,1,4,118,50,31,0,1,0,0.15203325471533172,0
0,0,0,1,4,291,40,25,0,1,1,0.3880432208373636,0
1,0,0,0,4,246,41,23,0,0,0,0.696874223720849,1
0,0,0,1,4,291,40,25,0,1,1,0.3880432208373636,0
0,0,0,1,4,248,47,32,0,2,1,0.43640420623349685,0
0,0,1,0,4,260,36,23,0,4,0,0.9375133219530236,1
0,0,1,0,4,289,33,30,0,2,1,0.9346447776362163,1
1,0,0,0,4,155,34,25,0,2,0,0.719918900363072,1
0,0,1,0,4,378,36,21,0,2,4,0.8912824933938701,1
1,0,0,0,4,289,33,30,0,2,1,0.9121151442031038,1
1,0,0,0,4,235,37,29,1,1,1,0.748558697117375,1
0,0,0,0,4,235,48,33,0,1,5,0.08263818622975515,0
1,0,0,0,5,289,33,30,0,2,1,0.9123024670327862,1
0,0,0,1,5,155,34,25,0,2,0,0.26579672472204185,0
0,0,0,1,5,155,34,25,0,2,0,0.26579672472204185,0
0,0,1,0,5,179,38,31,0,0,0,0.7590917603372249,1
0,0,1,0,5,225,28,24,0,1,2,0.7742119036141932,1
1,0,0,0,5,184,27,21,0,0,0,0.6215884576639968,1
0,0,0,1,5,155,34,25,0,2,0,0.26579672472204185,0
1,0,0,0,5,179,38,31,0,0,0,0.6957447992822847,1
1,0,0,0,5,289,33,30,0,2,1,0.9123024670327862,1
0,0,0,0,5,279,39,24,0,2,0,0.297404791803718,0
0,0,0,0,5,330,28,25,1,0,0,0.2900939310854415,0
0,0,0,0,5,378,36,21,0,2,4,0.27173166173560315,0
0,0,0,0,5,388,50,24,0,0,0,0.31539592912571524,0
1,0,0,0,5,179,38,31,0,0,0,0.6957447992822847,1
1,0,0,0,5,118,50,31,0,1,0,0.5612039098671336,1
0,0,0,1,5,361,28,27,0,1,4,0.491563573083628,0
0,0,1,0,6,246,41,23,0,0,0,0.7609192239787483,1
0,0,0,1,6,361,28,27,0,1,4,0.4921481886363556,0
1,0,0,0,6,246,41,23,0,0,0,0.6978615309343144,1
0,0,0,1,6,291,40,25,0,1,1,0.38915470484591114,0
1,0,0,0,6,246,41,23,0,0,0,0.6978615309343144,1
1,0,0,0,6,179,38,31,0,0,0,0.696239718846044,1
0,0,0,1,6,155,34,25,0,2,0,0.266253444025369,0
1,0,0,0,6,246,41,23,0,0,0,0.6978615309343144,1
1,0,0,0,6,118,50,31,0,1,0,0.5617798359027325,1
1,0,0,0,6,235,37,29,1,1,1,0.7494381905928347,1
0,0,0,1,6,118,50,31,0,1,0,0.15263734214552843,0
1,0,0,0,6,118,50,31,0,1,0,0.5617798359027325,1
0,0,0,1,6,378,36,21,0,2,4,0.45649621810619745,0
1,0,0,0,6,179,38,31,0,0,0,0.696239718846044,1
0,0,0,1,6,289,49,36,0,0,2,0.37152619218538163,0
0,0,0,1,6,225,28,24,0,1,2,0.2595218463462786,0
0,0,1,0,7,155,34,25,0,2,0,0.7810279887768267,1
1,0,0,0,7,118,50,31,0,1,0,0.5623555955104257,1
1,0,0,0,7,118,37,28,0,0,0,0.5200557735024569,1
0,0,0,1,7,118,37,28,0,0,0,0.13213794143176913,0
0,0,0,1,7,330,28,25,1,0,0,0.4797135115546669,0
0,0,1,0,7,179,30,19,1,0,0,0.5783802533100548,1
0,0,0,1,7,155,34,25,0,2,0,0.26671066302661944,0
1,0,0,0,7,330,28,25,1,0,0,0.8677560187384521,1
1,0,0,0,7,330,28,25,1,0,0,0.8677560187384521,1
0,0,0,1,7,157,29,22,0,0,0,0.15408525416894095,0
0,0,0,1,7,361,28,27,0,1,4,0.49273282566361176,0
0,0,0,1,7,289,33,30,0,2,1,0.5949106170156699,1
0,0,0,1,7,179,38,31,0,0,0,0.24403963636453704,0
0,0,1,0,7,289,33,30,0,2,1,0.935072113570431,1
0,0,1,0,7,289,33,30,0,2,1,0.935072113570431,1
0,0,0,0,7,260,36,23,0,4,0,0.40689714890459583,0
0,0,1,0,8,289,33,30,0,2,1,0.9352139801414704,1
0,0,1,0,8,157,29,22,0,0,0,0.6416354536219769,1
0,0,0,1,8,289,33,30,0,2,1,0.5954741918868335,1
0,0,1,0,8,228,58,22,0,2,1,0.704707091506473,1
1,0,0,0,8,300,43,25,0,2,1,0.8630676854200834,1
1,0,0,0,8,300,43,25,0,2,1,0.8630676854200834,1
0,0,0,1,8,260,36,23,0,4,0,0.6069694003295922,1
0,0,0,1,8,289,33,30,0,2,1,0.5954741918868335,1
0,0,0,1,8,248,47,32,0,2,1,0.43870680160231385,0
1,0,0,0,8,268,33,25,1,0,0,0.7617642989832473,1
0,0,0,1,8,179,30,19,1,0,0,0.12297264729552479,0
1,0,0,0,8,118,50,31,0,1,0,0.5629311871879498,1
0,0,0,1,8,248,47,32,0,2,1,0.43870680160231385,0
0,0,0,1,8,235,37,29,1,1,1,0.2968890553720453,0
0,0,0,1,8,118,50,31,0,1,0,0.15324339607630946,0
0,0,1,0,8,235,37,29,1,1,1,0.8054774060636213,1
1,0,0,0,8,361,28,27,0,1,4,0.8738812853642679,1
1,0,0,0,8,184,27,21,0,0,0,0.6232376148191604,1
1,0,0,0,9,179,38,31,0,0,0,0.6977217497474627,1
0,0,0,1,9,179,38,31,0,0,0,0.24490371762398605,0
0,0,1,0,9,289,33,30,0,2,1,0.9353555581655774,1
0,0,0,0,9,235,43,38,0,1,0,0.3215023421865103,0
1,0,0,0,9,246,41,23,0,0,0,0.6993390660976359,1
0,0,0,1,9,291,40,25,0,1,1,0.3908240900899808,0
0,0,0,0,9,231,39,35,0,2,2,0.26377893691638943,0
0,0,0,0,9,291,32,23,0,0,0,0.22142791063776612,0
1,0,0,0,9,179,38,31,0,0,0,0.6977217497474627,1
1,0,0,0,9,246,41,23,0,0,0,0.6993390660976359,1
0,0,0,1,9,179,38,31,0,0,0,0.24490371762398605,0
0,0,0,1,9,291,40,25,0,1,1,0.3908240900899808,0
0,0,0,1,9,260,36,23,0,4,0,0.6075272664074487,1
0,0,0,1,9,235,43,38,0,1,0,0.5155407437285865,1
0,0,0,1,9,118,50,31,0,1,0,0.15354716140342403,0
0,0,0,0,9,235,43,38,0,1,0,0.3215023421865103,0
0,0,0,1,9,291,40,25,0,1,1,0.3908240900899808,0
1,0,0,0,9,291,40,25,0,1,1,0.8203326791012606,1
1,0,0,0,9,179,38,31,0,0,0,0.6977217497474627,1
0,0,0,1,10,289,33,30,0,2,1,0.5966005852743946,1
0,0,0,1,10,235,37,29,1,1,1,0.2978665305737418,0
0,0,0,1,10,289,33,30,0,2,1,0.5966005852743946,1
0,0,0,1,10,289,33,30,0,2,1,0.5966005852743946,1
0,0,0,0,10,118,50,31,0,1,0,0.07489869065825623,0
0,0,0,0,10,248,47,32,0,2,1,0.2590728274080501,0
1,0,0,0,10,179,30,19,1,0,0,0.5006386226407589,1
1,0,0,0,10,118,37,28,0,0,0,0.5218070095662253,1
0,0,0,1,10,369,31,25,0,3,0,0.804984967818925,1
0,0,0,1,10,179,38,31,0,0,0,0.24533653269118702,0
1,0,0,0,10,179,30,19,1,0,0,0.5006386226407589,1
0,0,0,0,10,235,43,38,0,1,0,0.3220127993501612,0
0,0,1,0,10,289,33,30,0,2,1,0.9354968481360564,1
0,0,0,1,10,260,36,23,0,4,0,0.6080848519323928,1
0,0,0,0,10,235,43,38,0,1,0,0.3220127993501612,0
0,0,0,1,10,235,43,38,0,1,0,0.5161249280665398,1
0,0,0,1,10,235,43,38,0,1,0,0.5161249280665398,1
0,0,0,1,10,118,50,31,0,1,0,0.1538514194614984,0
0,0,0,1,10,291,40,25,0,1,1,0.39138112243110246,0
0,0,0,1,10,179,30,19,1,0,0,0.12347807982401014,0
0,0,0,1,10,118,50,31,0,1,0,0.1538514194614984,0
1,0,0,0,10,361,28,27,0,1,4,0.8743959779002893,1
0,0,0,0,10,260,36,23,0,4,0,0.40859173485257244,0
0,0,0,0,10,291,40,25,0,1,1,0.2226015479005063,0
0,0,0,0,10,157,29,22,0,0,0,0.07551158111994048,0
1,0,0,0,10,179,30,19,1,0,0,0.5006386226407589,1
1,0,0,0,10,179,30,19,1,0,0,0.5006386226407589,1
0,0,0,1,10,118,50,31,0,1,0,0.1538514194614984,0
1,0,0,0,11,118,37,28,0,0,0,0.5223906379523855,1
0,0,0,1,11,248,47,32,0,2,1,0.4404354875264589,0
1,0,0,0,11,179,38,31,0,0,0,0.6987074899779016,1
0,0,0,1,11,260,36,23,0,4,0,0.6086421555918002,1
0,0,0,1,11,291,40,25,0,1,1,0.3919384378928541,0
1,0,0,0,11,378,36,21,0,2,4,0.8581114044203415,1
1,0,0,0,11,155,34,25,0,2,0,0.7232084797232354,1
0,0,0,1,11,235,43,38,0,1,0,0.5167090683381759,1
0,0,0,0,11,330,28,25,1,0,0,0.2929926797604124,0
0,0,1,0,11,235,37,29,1,1,1,0.8065745372787574,1
1,0,0,0,11,118,37,28,0,0,0,0.5223906379523855,1
0,0,0,1,11,235,37,29,1,1,1,0.29835596240665596,0
0,0,0,1,11,179,38,31,0,0,0,0.2457698637031834,0
1,0,0,0,11,246,41,23,0,0,0,0.7003217974895187,1
1,0,0,0,11,291,40,25,0,1,1,0.8210211468780946,1
1,0,0,0,11,246,41,23,0,0,0,0.7003217974895187,1
0,0,0,1,11,179,38,31,0,0,0,0.2457698637031834,0
1,0,0,0,11,260,36,23,0,4,0,0.9171364294988065,1
0,1,0,0,11,260,36,23,0,4,0,0.6374323606443917,1
0,0,0,0,11,378,36,21,0,2,4,0.274517878930987,0
0,0,0,0,11,279,39,24,0,2,0,0.30034568658718297,0
0,0,0,1,11,179,38,31,0,0,0,0.2457698637031834,0
1,0,0,0,12,225,28,24,0,1,2,0.716675811524177,1
0,0,0,1,12,179,38,31,0,0,0,0.2462037103955238,0
0,0,0,1,12,179,38,31,0,0,0,0.2462037103955238,0
0,0,0,1,12,235,37,29,1,1,1,0.29884585615016734,0
0,0,0,1,12,118,50,31,0,1,0,0.15446141523090579,0
0,0,0,1,12,260,36,23,0,4,0,0.6091991760759148,1
1,0,0,0,12,246,41,23,0,0,0,0.7008124734643878,1
0,0,0,1,12,179,38,31,0,0,0,0.2462037103955238,0
0,0,0,1,12,179,38,31,0,0,0,0.2462037103955238,0
0,0,0,1,12,179,30,19,1,0,0,0.1239852960612687,0
0,0,0,1,12,118,37,28,0,0,0,0.1334849222452229,0
0,0,0,1,12,235,37,29,1,1,1,0.29884585615016734,0
0,0,0,1,12,179,38,31,0,0,0,0.2462037103955238,0
1,0,0,0,12,235,43,38,0,1,0,0.8840805688649251,1
1,0,0,0,12,235,37,29,1,1,1,0.7520643603106785,1
0,0,0,1,12,260,36,23,0,4,0,0.6091991760759148,1
0,0,0,1,12,157,29,22,0,0,0,0.15561584428137964,0
0,0,0,1,12,179,38,31,0,0,0,0.2462037103955238,0
0,0,1,0,12,289,33,30,0,2,1,0.9357785658871862,1
0,0,0,1,1,225,28,24,0,1,2,0.257280664235412,0
0,0,1,0,1,118,37,28,0,0,0,0.5955174548050656,1
0,0,0,1,1,155,34,25,0,2,0,0.26397485300570334,0
1,0,0,0,1,235,37,29,1,1,1,0.7472356182043898,1
0,0,0,1,1,155,34,25,0,2,0,0.26397485300570334,0
0,0,0,1,1,289,33,30,0,2,1,0.591523960035842,1
1,0,0,0,1,291,40,25,0,1,1,0.8175581256215045,1
0,0,0,1,1,235,43,38,0,1,0,0.5108658739287004,1
0,0,0,1,1,118,50,31,0,1,0,0.15113080423873404,0
0,0,0,1,1,179,38,31,0,0,0,0.24145980169770662,0
0,0,0,1,1,179,38,31,0,0,0,0.24145980169770662,0
0,0,0,1,2,118,37,28,0,0,0,0.13080250106615854,0
0,0,0,1,2,179,38,31,0,0,0,0.2418884800989497,0
1,0,0,0,2,225,28,24,0,1,2,0.711902290486331,1
0,0,0,1,2,289,33,30,0,2,1,0.5920890159272841,1
0,0,0,1,2,260,36,23,0,4,0,0.6036163861168277,1
0,0,0,1,2,179,38,31,0,0,0,0.2418884800989497,0
0,0,0,1,2,179,38,31,0,0,0,0.2418884800989497,0
0,0,0,1,2,179,38,31,0,0,0,0.2418884800989497,0
1,0,0,0,2,179,38,31,0,0,0,0.6942573230187306,1
0,0,0,1,2,246,41,23,0,0,0,0.24329963550058376,0
0,0,0,1,2,179,38,31,0,0,0,0.2418884800989497,0
0,0,0,1,2,189,33,25,0,2,2,0.24153367494651634,0
0,0,0,1,2,179,38,31,0,0,0,0.2418884800989497,0
0,0,0,1,2,246,41,23,0,0,0,0.24329963550058376,0
0,0,0,1,2,291,40,25,0,1,1,0.386932900502072,0
1,0,0,0,2,157,29,22,0,0,0,0.5616459142914778,1
0,0,0,1,2,179,38,31,0,0,0,0.2418884800989497,0
0,0,0,1,2,179,38,31,0,0,0,0.2418884800989497,0
1,0,0,0,2,246,41,23,0,0,0,0.6958850961939101,1
0,0,0,1,2,179,38,31,0,0,0,0.2418884800989497,0
0,0,0,1,2,179,38,31,0,0,0,0.2418884800989497,0
0,0,1,0,3,118,37,28,0,0,0,0.5966438093270797,1
0,0,1,0,3,246,41,23,0,0,0,0.7596403015061979,1
0,0,0,1,3,246,41,23,0,0,0,0.24373053073723489,0
0,0,0,1,3,260,36,23,0,4,0,0.6041759077878407,1
0,0,0,1,3,179,38,31,0,0,0,0.24231767643692487,0
0,0,0,1,3,235,37,29,1,1,1,0.2944534982180555,0
0,0,0,1,3,179,40,22,1,2,0,0.19745536800184244,0
0,0,0,1,3,378,36,21,0,2,4,0.45475572499017136,0
0,0,0,1,3,179,38,31,0,0,0,0.24231767643692487,0
0,0,0,1,3,361,28,27,0,1,4,0.49039441279363183,0
0,0,0,0,3,369,31,25,0,3,0,0.6438959487875989,1
0,0,1,0,3,235,37,29,1,1,1,0.8036383775229424,1
0,0,0,1,3,118,50,31,0,1,0,0.1517319475083789,0
1,0,0,0,3,118,50,31,0,1,0,0.560051564530156,1
1,0,0,0,3,118,50,31,0,1,0,0.560051564530156,1
0,0,0,0,3,235,37,29,1,1,1,0.15671041623116136,0
0,0,0,0,3,246,41,23,0,0,0,0.12549482127872738,0
0,0,0,0,3,118,50,31,0,1,0,0.07377205066651288,0
0,0,0,1,3,179,38,31,0,0,0,0.24231767643692487,0
0,0,0,1,3,289,33,30,0,2,1,0.5926538284408255,1
0,0,1,0,3,260,36,23,0,4,0,0.9373761532587085,1
0,0,0,1,3,246,41,23,0,0,0,0.24373053073723489,0
0,0,0,1,4,179,38,31,0,0,0,0.2427473904746095,0
0,0,0,1,4,260,36,23,0,4,0,0.6047351568412909,1
0,0,0,1,4,330,28,25,1,0,0,0.4779623436296289,0
0,0,0,1,4,369,31,25,0,3,0,0.802772339338064,1
0,0,0,1,4,248,47,32,0,2,1,0.43640420623349685,0
0,0,0,1,4,330,28,25,1,0,0,0.4779623436296289,0
0,0,0,1,4,179,38,31,0,0,0,0.2427473904746095,0
0,0,0,1,4,118,50,31,0,1,0,0.15203325471533172,0
1,0,0,0,4,118,50,31,0,1,0,0.5606278189076724,1
0,0,0,1,4,300,43,25,0,2,1,0.46734591431888145,0
0,0,0,1,4,260,36,23,0,4,0,0.6047351568412909,1
0,0,0,1,4,179,38,31,0,0,0,0.2427473904746095,0
1,0,0,0,4,118,37,28,0,0,0,0.5183040444461525,1
1,0,0,0,5,235,43,38,0,1,0,0.8823919882118766,1
0,0,0,1,5,248,47,32,0,2,1,0.43697960208173015,0
1,0,0,0,5,369,31,25,0,3,0,0.9667055778828946,1
0,0,0,1,5,179,30,19,1,0,0,0.12221783444221179,0
0,0,0,1,5,179,38,31,0,0,0,0.2431776219715728,0
0,0,0,1,5,361,28,27,0,1,4,0.491563573083628,0
0,0,0,1,5,260,36,23,0,4,0,0.6052941319475809,1
1,0,0,0,5,179,40,22,1,2,0,0.6375753386061811,1
1,0,0,0,5,179,40,22,1,2,0,0.6375753386061811,1
0,0,1,0,5,228,58,22,0,2,1,0.7032447423608179,1
0,0,0,1,5,225,28,24,0,1,2,0.25907259706039865,0
1,0,0,0,5,330,28,25,1,0,0,0.8672182491873768,1
0,0,0,1,5,179,30,19,1,0,0,0.12221783444221179,0
0,0,0,1,5,118,37,28,0,0,0,0.13160238363966376,0
1,0,0,0,5,235,37,29,1,1,1,0.7489986999760821,1
0,0,0,1,5,179,30,19,1,0,0,0.12221783444221179,0
0,0,0,1,6,118,37,28,0,0,0,0.13186993195494803,0
0,0,0,1,6,179,38,31,0,0,0,0.24360837068397018,0
0,0,0,1,6,118,37,28,0,0,0,0.13186993195494803,0
0,0,0,1,6,225,28,24,0,1,2,0.2595218463462786,0
0,0,0,1,6,260,36,23,0,4,0,0.6058528317799139,1
0,0,0,0,6,179,38,31,0,0,0,0.12542209407808913,0
1,0,0,0,6,291,40,25,0,1,1,0.8192961021571127,1
0,0,0,1,6,179,38,31,0,0,0,0.24360837068397018,0
0,0,0,1,6,246,41,23,0,0,0,0.2450263168219662,0
0,0,0,1,6,179,38,31,0,0,0,0.24360837068397018,0
0,0,0,1,6,235,43,38,0,1,0,0.5137879422523003,1
0,0,0,1,6,179,38,31,0,0,0,0.24360837068397018,0
0,0,0,1,6,225,28,24,0,1,2,0.2595218463462786,0
0,0,0,1,6,118,50,31,0,1,0,0.15263734214552843,0
1,0,0,0,6,179,38,31,0,0,0,0.696239718846044,1
0,0,1,0,6,179,30,19,1,0,0,0.5778097482847212,1
0,0,0,1,6,246,41,23,0,0,0,0.2450263168219662,0
1,0,0,0,6,330,28,25,1,0,0,0.8674873650917168,1
1,0,0,0,6,235,37,29,1,1,1,0.7494381905928347,1
0,0,0,1,7,179,30,19,1,0,0,0.12272059870660845,0
0,0,0,1,7,225,28,24,0,1,2,0.2599716013203621,0
1,0,0,0,7,260,36,23,0,4,0,0.916422593657451,1
1,0,0,0,7,268,33,25,1,0,0,0.7613395435941418,1
0,0,0,1,7,330,28,25,1,0,0,0.4797135115546669,0
0,0,0,1,7,118,37,28,0,0,0,0.13213794143176913,0
0,0,0,1,7,260,36,23,0,4,0,0.6064112550143049,1
0,0,0,1,7,118,37,28,0,0,0,0.13213794143176913,0
0,1,0,0,7,300,43,25,0,2,1,0.49971092383635324,0
0,0,0,1,7,235,48,33,0,1,5,0.16924977040426473,0
0,0,0,1,7,246,41,23,0,0,0,0.24545927812481205,0
1,0,0,0,7,225,28,24,0,1,2,0.7142950328019164,1
0,0,0,1,7,179,38,31,0,0,0,0.24403963636453704,0
0,0,0,1,7,118,50,31,0,1,0,0.15294012311317212,0
0,0,0,1,7,361,28,27,0,1,4,0.49273282566361176,0
0,0,0,1,7,289,33,30,0,2,1,0.5949106170156699,1
0,0,0,1,7,235,43,38,0,1,0,0.514372249227462,1
0,0,0,1,7,246,41,23,0,0,0,0.24545927812481205,0
0,0,0,1,7,291,40,25,0,1,1,0.3897108799947278,0
0,0,0,1,7,279,39,24,0,2,0,0.4885146695387666,0
0,0,0,1,8,179,38,31,0,0,0,0.24447141876258296,0
0,0,0,1,8,179,40,22,1,2,0,0.19931526221911058,0
0,0,0,1,8,246,41,23,0,0,0,0.2458927552978631,0
0,0,0,1,8,118,37,28,0,0,0,0.13240641252840393,0
0,0,0,1,8,289,33,30,0,2,1,0.5954741918868335,1
0,0,0,1,8,235,43,38,0,1,0,0.5149565169176334,1
0,0,0,1,8,291,40,25,0,1,1,0.3902673421764867,0
0,0,0,1,8,179,38,31,0,0,0,0.24447141876258296,0
0,0,0,1,8,179,40,22,1,2,0,0.19931526221911058,0
0,0,0,1,8,330,28,25,1,0,0,0.4802973471255196,0
0,0,0,1,8,235,37,29,1,1,1,0.2968890553720453,0
0,0,0,1,8,246,41,23,0,0,0,0.2458927552978631,0
0,0,0,1,8,118,37,28,0,0,0,0.13240641252840393,0
0,0,0,1,8,291,40,25,0,1,1,0.3902673421764867,0
0,0,0,1,8,260,36,23,0,4,0,0.6069694003295922,1
0,0,0,1,9,246,41,23,0,0,0,0.24632674807568986,0
0,0,0,1,9,246,41,23,0,0,0,0.24632674807568986,0
0,0,0,1,9,118,37,28,0,0,0,0.13267534570217934,0
0,0,0,1,9,155,34,25,0,2,0,0.267626598389952,0
0,0,0,1,9,291,40,25,0,1,1,0.3908240900899808,0
0,0,0,1,9,179,30,19,1,0,0,0.12322514083908256,0
0,0,0,1,9,248,47,32,0,2,1,0.43928286709452996,0
0,0,0,1,9,179,38,31,0,0,0,0.24490371762398605,0
0,0,0,1,9,225,28,24,0,1,2,0.2608726268169465,0
0,0,0,1,9,179,30,19,1,0,0,0.12322514083908256,0
0,0,0,1,9,369,31,25,0,3,0,0.8046175068351489,1
0,0,0,1,9,361,28,27,0,1,4,0.49390215774842705,0
1,0,0,0,10,289,49,36,0,0,2,0.809402724303463,1
1,0,0,0,10,235,32,25,1,0,0,0.7074561238367836,1
0,0,0,1,10,246,41,23,0,0,0,0.2467612561894062,0
1,0,0,0,10,289,49,36,0,0,2,0.809402724303463,1
0,0,0,1,10,291,40,25,0,1,1,0.39138112243110246,0
0,0,0,1,10,118,37,28,0,0,0,0.13294474140946538,0
0,0,0,1,10,289,49,36,0,0,2,0.37371345734758216,0
0,0,0,1,10,291,40,25,0,1,1,0.39138112243110246,0
0,0,0,1,10,225,28,24,0,1,2,0.2613238965723013,0
0,0,0,1,10,369,31,25,0,3,0,0.804984967818925,1
0,0,0,1,10,369,31,25,0,3,0,0.804984967818925,1
0,0,0,1,10,225,28,24,0,1,2,0.2613238965723013,0
0,0,0,1,10,369,31,25,0,3,0,0.804984967818925,1
0,0,0,1,10,179,38,31,0,0,0,0.24533653269118702,0
1,0,0,0,10,228,58,22,0,2,1,0.6350404522941119,1
0,0,0,1,10,291,40,25,0,1,1,0.39138112243110246,0
1,0,0,0,10,369,31,25,0,3,0,0.9670799576404853,1
1,0,0,0,10,225,28,24,0,1,2,0.715724940333731,1
1,0,0,0,10,369,31,25,0,3,0,0.9670799576404853,1
1,0,0,0,10,225,28,24,0,1,2,0.715724940333731,1
0,0,0,1,10,189,33,25,0,2,2,0.2449783042333502,0
1,0,0,0,10,235,32,25,1,0,0,0.7074561238367836,1
1,0,0,0,10,248,47,32,0,2,1,0.8482213772187447,1
0,0,0,0,10,225,28,24,0,1,2,0.13608930033926506,0
1,0,0,0,10,225,28,24,0,1,2,0.715724940333731,1
0,0,1,0,11,179,38,31,0,0,0,0.7616489291214844,1
0,0,0,1,11,118,37,28,0,0,0,0.13321460010566813,0
1,0,0,0,11,330,28,25,1,0,0,0.8688260199025869,1
0,0,0,1,11,179,38,31,0,0,0,0.2457698637031834,0
1,0,0,0,11,118,37,28,0,0,0,0.5223906379523855,1
0,0,0,1,11,289,33,30,0,2,1,0.5971634010504211,1
1,0,0,0,11,235,32,25,1,0,0,0.7079399900219696,1
0,0,0,1,11,225,28,24,0,1,2,0.2617756704815588,0
0,0,0,1,11,361,28,27,0,1,4,0.49507155654943935,0
0,0,0,1,11,291,40,25,0,1,1,0.3919384378928541,0
1,0,0,0,11,118,37,28,0,0,0,0.5223906379523855,1
1,0,0,0,11,225,28,24,0,1,2,0.7162006163619485,1
0,0,0,1,11,179,38,31,0,0,0,0.2457698637031834,0
0,0,0,1,11,118,37,28,0,0,0,0.13321460010566813,0
1,0,0,0,11,118,37,28,0,0,0,0.5223906379523855,1
0,0,0,1,11,225,28,24,0,1,2,0.2617756704815588,0
0,0,0,0,11,291,40,25,0,1,1,0.22300658908325247,0
0,0,0,0,11,289,33,30,0,2,1,0.3976181458679775,0
1,0,0,0,11,248,47,32,0,2,1,0.8485222699307454,1
0,0,0,0,11,235,43,38,0,1,0,0.3225236817246854,0
0,0,0,1,11,225,28,24,0,1,2,0.2617756704815588,0
0,0,0,1,11,369,31,25,0,3,0,0.8053519048942563,1
0,0,0,1,11,361,28,27,0,1,4,0.49507155654943935,0
1,0,0,0,12,179,38,31,0,0,0,0.6991996738383467,1
0,0,0,1,12,291,40,25,0,1,1,0.39249603516535936,0
0,0,0,1,12,225,28,24,0,1,2,0.2622279481520768,0
1,0,0,0,12,179,30,19,1,0,0,0.5018081566318281,1
0,0,0,1,12,225,28,24,0,1,2,0.2622279481520768,0
0,0,0,1,12,225,28,24,0,1,2,0.2622279481520768,0
1,0,0,0,12,361,28,27,0,1,4,0.8749088706377837,1
0,0,1,0,12,179,40,22,1,2,0,0.7113233410420425,1
0,0,0,1,12,235,43,38,0,1,0,0.5172931629506592,1
0,0,1,0,12,233,31,21,1,1,8,0.3521462798827102,0
1,0,0,0,12,179,30,19,1,0,0,0.5018081566318281,1
0,0,0,1,12,225,28,24,0,1,2,0.2622279481520768,0
0,0,0,1,12,225,28,24,0,1,2,0.2622279481520768,0
0,0,0,1,12,225,28,24,0,1,2,0.2622279481520768,0
0,0,1,0,12,155,34,25,0,2,0,0.7830216017233664,1
1,0,0,0,1,179,30,19,1,0,0,0.4953758179664672,0
1,0,0,0,1,179,30,19,1,0,0,0.4953758179664672,0
0,0,0,1,1,179,40,22,1,2,0,0.19671508335867646,0
0,0,0,1,1,179,40,22,1,2,0,0.19671508335867646,0
1,0,0,0,1,179,30,19,1,0,0,0.4953758179664672,0
0,0,0,1,1,179,40,22,1,2,0,0.19671508335867646,0
1,0,0,0,1,289,49,36,0,0,2,0.8061339015342963,1
0,0,1,0,1,179,40,22,1,2,0,0.706011307435608,1
0,0,0,1,1,179,30,19,1,0,0,0.1212176238743435,0
0,0,1,0,1,155,34,25,0,2,0,0.7786182985139962,1
0,0,0,1,1,179,30,19,1,0,0,0.1212176238743435,0
0,0,0,1,1,179,38,31,0,0,0,0.24145980169770662,0
1,0,0,0,1,289,33,30,0,2,1,0.9115510046075714,1
0,0,0,1,1,179,38,31,0,0,0,0.24145980169770662,0
0,0,0,1,1,179,38,31,0,0,0,0.24145980169770662,0
1,0,0,0,2,179,38,31,0,0,0,0.6942573230187306,1
0,0,0,1,2,225,28,24,0,1,2,0.2577278870592423,0
1,0,0,0,2,248,47,32,0,2,1,0.8457965439434347,1
0,0,0,1,2,179,38,31,0,0,0,0.2418884800989497,0
0,0,0,1,2,225,28,24,0,1,2,0.2577278870592423,0
0,0,0,1,2,179,38,31,0,0,0,0.2418884800989497,0
0,0,0,1,2,179,30,19,1,0,0,0.12146701299637355,0
0,0,0,1,2,225,41,28,1,2,2,0.2572408886549283,0
0,0,0,1,2,179,38,31,0,0,0,0.2418884800989497,0
0,0,1,0,2,233,31,21,1,1,8,0.3468285461283498,0
0,0,0,1,2,179,38,31,0,0,0,0.2418884800989497,0
1,0,0,0,2,225,28,24,0,1,2,0.711902290486331,1
0,0,0,1,2,179,38,31,0,0,0,0.2418884800989497,0
0,0,0,1,2,179,38,31,0,0,0,0.2418884800989497,0
0,0,0,1,2,225,28,24,0,1,2,0.2577278870592423,0
1,0,0,0,2,179,30,19,1,0,0,0.49596054477074425,0
0,0,0,1,2,179,40,22,1,2,0,0.1970849634184695,0
0,0,0,1,2,179,38,31,0,0,0,0.2418884800989497,0
1,0,0,0,2,233,31,21,1,1,8,0.2781614984036794,0
0,0,0,1,2,179,30,19,1,0,0,0.12146701299637355,0
0,0,0,1,2,179,38,31,0,0,0,0.2418884800989497,0
1,0,0,0,2,179,38,31,0,0,0,0.6942573230187306,1
0,0,0,1,2,179,38,31,0,0,0,0.2418884800989497,0
0,0,0,1,2,155,34,25,0,2,0,0.26442956926763994,0
0,0,0,1,2,235,32,25,1,0,0,0.2500952660198878,0
0,0,0,1,2,179,38,31,0,0,0,0.2418884800989497,0
1,0,0,0,2,225,28,24,0,1,2,0.711902290486331,1
0,0,0,1,2,179,38,31,0,0,0,0.2418884800989497,0
0,0,0,1,2,248,47,32,0,2,1,0.43525392951792985,0
0,0,0,1,2,225,28,24,0,1,2,0.2577278870592423,0
0,0,0,1,2,179,38,31,0,0,0,0.2418884800989497,0
0,0,0,1,2,179,38,31,0,0,0,0.2418884800989497,0
0,0,0,1,2,235,32,25,1,0,0,0.2500952660198878,0
0,0,0,1,3,179,38,31,0,0,0,0.24231767643692487,0
0,0,0,1,3,248,47,32,0,2,1,0.4358289815467135,0
0,0,0,1,3,228,58,22,0,2,1,0.193890823152241,0
0,0,0,1,3,248,47,32,0,2,1,0.4358289815467135,0
1,0,0,0,3,228,58,22,0,2,1,0.6312373202109018,1
0,0,0,1,3,179,38,31,0,0,0,0.24231767643692487,0
0,0,0,1,3,225,28,24,0,1,2,0.2581756170477615,0
0,0,0,1,3,179,38,31,0,0,0,0.24231767643692487,0
0,0,0,1,3,225,28,24,0,1,2,0.2581756170477615,0
0,0,0,1,3,179,30,19,1,0,0,0.12171684413785498,0
0,0,0,1,3,235,32,25,1,0,0,0.25053421187324804,0
0,0,1,0,3,361,28,27,0,1,4,0.9041851036256894,1
1,0,0,0,3,179,38,31,0,0,0,0.6947536006330693,1
0,0,0,1,3,179,38,31,0,0,0,0.24231767643692487,0
0,0,0,1,3,179,38,31,0,0,0,0.24231767643692487,0
0,0,0,1,3,179,30,19,1,0,0,0.12171684413785498,0
1,0,0,0,3,179,38,31,0,0,0,0.6947536006330693,1
1,0,0,0,3,248,47,32,0,2,1,0.8461013715683501,1
0,0,0,1,3,179,38,31,0,0,0,0.24231767643692487,0
1,0,0,0,3,225,28,24,0,1,2,0.7123817924966322,1
0,0,0,1,3,179,38,31,0,0,0,0.24231767643692487,0
0,0,0,1,3,289,33,30,0,2,1,0.5926538284408255,1
0,0,0,1,3,228,58,22,0,2,1,0.193890823152241,0
0,0,0,1,3,179,38,31,0,0,0,0.24231767643692487,0
0,0,0,1,3,248,47,32,0,2,1,0.4358289815467135,0
0,0,0,1,3,179,38,31,0,0,0,0.24231767643692487,0
0,0,0,1,3,179,30,19,1,0,0,0.12171684413785498,0
0,0,0,1,3,179,38,31,0,0,0,0.24231767643692487,0
0,0,0,1,3,179,38,31,0,0,0,0.24231767643692487,0
0,0,0,1,3,118,46,25,0,2,0,0.15484317068707457,0
1,0,0,0,3,155,34,25,0,2,0,0.7194470152410889,1
0,0,0,1,3,179,38,31,0,0,0,0.24231767643692487,0
0,0,0,1,3,179,38,31,0,0,0,0.24231767643692487,0
1,0,0,0,3,179,30,19,1,0,0,0.49654528262484493,0
0,0,1,0,3,289,33,30,0,2,1,0.9345017519358054,1
0,0,0,1,3,369,31,25,0,3,0,0.8024017325684684,1
1,0,0,0,4,225,28,24,0,1,2,0.7128608183309808,1
1,0,0,0,4,118,37,28,0,0,0,0.5183040444461525,1
0,0,1,0,4,361,28,27,0,1,4,0.9043875571906844,1
0,0,1,0,4,248,47,32,0,2,1,0.8836311241187779,1
1,0,0,0,4,189,33,25,0,2,2,0.6948391202447806,1
0,0,0,1,4,179,30,19,1,0,0,0.12196711778971893,0
1,0,0,0,4,369,31,25,0,3,0,0.9666302101395089,1
0,1,0,0,4,179,40,22,1,2,0,0.21800900644314095,0
0,0,0,1,4,118,50,31,0,1,0,0.15203325471533172,0
0,0,0,1,4,361,28,27,0,1,4,0.49097898060346046,0
1,0,0,0,4,118,37,28,0,0,0,0.5183040444461525,1
0,0,0,1,4,235,37,29,1,1,1,0.2949396777376074,0
0,0,0,1,4,179,30,19,1,0,0,0.12196711778971893,0
0,0,1,0,4,225,28,24,0,1,2,0.7738027513316535,1
0,1,0,0,4,235,32,25,1,0,0,0.27472164452549613,0
0,0,0,1,4,179,30,19,1,0,0,0.12196711778971893,0
0,0,0,1,4,155,34,25,0,2,0,0.26534050554527744,0
0,0,1,0,4,225,28,24,0,1,2,0.7738027513316535,1
1,0,0,0,4,118,50,31,0,1,0,0.5606278189076724,1
0,0,0,1,4,179,30,19,1,0,0,0.12196711778971893,0
0,0,0,1,5,235,37,29,1,1,1,0.29542632387581275,0
0,0,1,0,5,225,41,28,1,2,2,0.773766313801491,1
0,0,0,1,5,235,32,25,1,0,0,0.25141364097582586,0
1,0,0,0,5,118,37,28,0,0,0,0.5188880062589765,1
0,0,0,1,5,235,43,38,0,1,0,0.5132035975868057,1
1,0,0,0,5,179,30,19,1,0,0,0.49771478508493605,0
0,0,0,1,5,291,40,25,0,1,1,0.3885988180283321,0
1,0,0,0,5,225,41,28,1,2,2,0.7128182072023547,1
0,0,1,0,5,300,43,25,0,2,1,0.8960959459153105,1
0,0,0,1,5,225,41,28,1,2,2,0.2585839428972499,0
0,0,0,1,5,179,30,19,1,0,0,0.12221783444221179,0
0,0,0,1,5,118,50,31,0,1,0,0.1523350528034021,0
1,0,0,0,5,118,50,31,0,1,0,0.5612039098671336,1
0,0,0,1,5,118,37,28,0,0,0,0.13160238363966376,0
0,0,0,0,5,118,50,31,0,1,0,0.07409234659243284,0
0,0,0,1,5,179,30,19,1,0,0,0.12221783444221179,0
0,0,0,0,5,378,36,21,0,2,4,0.27173166173560315,0
0,1,0,0,5,179,40,22,1,2,0,0.2184080388670178,0
1,0,0,0,5,155,34,25,0,2,0,0.7203903002513807,1
1,0,0,0,5,235,32,25,1,0,0,0.7050297584119856,1
0,0,0,1,5,291,40,25,0,1,1,0.3885988180283321,0
1,0,0,0,5,179,40,22,1,2,0,0.6375753386061811,1
1,0,0,0,5,225,28,24,0,1,2,0.7133393673898377,1
1,0,0,0,5,330,28,25,1,0,0,0.8672182491873768,1
0,0,0,1,5,235,32,25,1,0,0,0.25141364097582586,0
0,0,0,1,5,291,40,25,0,1,1,0.3885988180283321,0
